name,price
Xe máy Quân Oanh bán trả góp xe SH nhập khẩu và VN không cần trả trước,60000000
CẦN BÁN XE MÁY HONDA SH Ý 150 ĐỜI 2012,42000000
CẦN BÁN XE MÁY HONDA SH150 ĐỜI 2022,32000000
Xe máy Quân Oanh mua bán xe Piaggio chất lượng uy tín có bán trả góp,18000000
CẦN BÁN XE MÁY HONDA SH MODE  ĐỜI 2023,23000000
CẦN BÁN XE MÁY HONDA VARIO 150  ĐỜI 2022,22000000
CHẠM XE HONDA - SEE QUÀ CỰC ĐÃ,50000000
CẦN BÁN XE MÁY HONDA VISION 110 ĐỜI 2022,15000000
"Bán xe Sirius 2002, màu đỏ, chính chủ, ít sử dụng",6000000
Bán xe Airblade 2012 màu đỏ đen và đen bạc zin đẹp,13000000
"Bán xe Lead 2012 màu đỏ, màu nâu và Lead đời 2011",10500000
Bán xe Piagio Liberty 125CC đời 2016,26000000
"Future 125i 2021 phiên bản đặc biệt , chính chủ , bstp",30500000
Bán SH 150 ABS 2017 tại Hà Nội,79000000
Bá xe sh ý nhập nguyên chiếc ..ít đi..150cc..số máy 102,170000000
"Đến tận nhà mua tất cả xe 2 bánh giá cao không ngại xa, uy tín",0
Cần thanh lý xe Honda Visoin 2022,17000000
"CHUYÊN THU MUA CÁC LOẠI XE MÁY CŨ VÀ MỚI, XE HẢI QUAN GIÁ CAO",0
"PCX 125 2019  đi dc 45k km, thắng Đĩa + đùm",42000000
"Chính chủ bán xe honda Future nhập Thái, đời đầu 110 Cc, năm 2002",10500000
